asin,valid_from,cost_price_ex_gst,selling_price,mrp,india_sku,source_tab
B001D5A4MA,2000-01-01,560.6,945.0,945.0,5619-5624-COMBO,ASIN MAPPING
B004YF1Z4M,2000-01-01,284.15,479.0,599.0,5442,ASIN MAPPING
B004YF1ZAG,2000-01-01,292.27,449.0,648.0,5463,ASIN MAPPING
B005PW0OUE,2000-01-01,296.02,499.0,599.0,5443,ASIN MAPPING
B00D45AZOO,2000-01-01,356.43,499.0,899.0,5324,CONVERTED LISTINGS
B00D45B02A,2000-01-01,266.0,359.0,599.0,5346,ASIN MAPPING
B00D45B1A6,2000-01-01,539.62,849.0,1099.0,5391,ASIN MAPPING
B00DYSDSAY,2000-01-01,296.02,499.0,499.0,5603-5611-COMBO,ASIN MAPPING
B00IERQC80,2000-01-01,2643.41,3999.0,6990.0,2112266,ASIN MAPPING
B00IOQ1LR8,2000-01-01,1480.71,2299.0,3899.0,2112206,ASIN MAPPING
B00K5S2RVW,2000-01-01,192.25,349.0,579.0,5311,ASIN MAPPING
B00K5S2V5E,2000-01-01,283.33,499.0,799.0,5338,ASIN MAPPING
B00KMZZJWC,2000-01-01,2711.19,3999.0,6990.0,2112266,ASIN MAPPING
B00P2ERBME,2000-01-01,427.12,720.0,720.0,5617-5619-combo,ASIN MAPPING
B00Z74B83M,2000-01-01,345.19,599.0,749.0,5439,ASIN MAPPING
B073RJY72V,2000-01-01,329.44,589.0,899.0,5318,ASIN MAPPING
B074MX2168,2000-01-01,965.46,1499.0,1999.0,2212290,ASIN MAPPING
B077G5CM66,2000-01-01,965.46,1499.0,1999.0,2212290,ASIN MAPPING
B07JQW6HBL,2000-01-01,2372.2,3499.0,4990.0,215911,ASIN MAPPING
B07NW6MPDT,2000-01-01,965.46,1499.0,1999.0,2212290,ASIN MAPPING
B07QDN6T3L,2000-01-01,307.07,549.0,699.0,5435,ASIN MAPPING
B07QGW2YJJ,2000-01-01,302.42,549.0,849.0,5317,ASIN MAPPING
B07QHWLQ7L,2000-01-01,207.69,389.0,549.0,5314,ASIN MAPPING
B07QHWYFV1,2000-01-01,296.02,449.0,649.0,5319,ASIN MAPPING
B07T46ZHL7,2000-01-01,3389.15,5499.0,8499.0,2112310,ASIN MAPPING
B07T6FLRQM,2000-01-01,4745.08,6999.0,12599.0,2112314,ASIN MAPPING
B07THV6XJ6,2000-01-01,2372.2,3499.0,4990.0,215911,ASIN MAPPING
B0846KPHB2,2000-01-01,332.67,499.0,899.0,5323,ASIN MAPPING
B0846KZNHY,2000-01-01,332.67,499.0,899.0,5322,ASIN MAPPING
B084HZM6RH,2000-01-01,200.11,299.0,649.0,5320,ASIN MAPPING
B084HZNSKF,2000-01-01,332.67,499.0,899.0,5322,ASIN MAPPING
B084HZS54Z,2000-01-01,200.11,299.0,449.0,5327,ASIN MAPPING
B08CH7SHJ9,2000-01-01,503.64,849.0,849.0,5617-5623-COMBO,ASIN MAPPING
B08CKDRM5G,2000-01-01,548.73,925.0,925.0,5617-5624-COMBO,ASIN MAPPING
B08DR38DD5,2000-01-01,3389.15,5499.0,8499.0,2112310,ASIN MAPPING
B096G3F55C,2000-01-01,539.83,910.0,910.0,5620-5622-COMBO,ASIN MAPPING
B099WKND1X,2000-01-01,489.41,825.0,825.0,5615-5623-COMBO,ASIN MAPPING
B09HY2XD4B,2000-01-01,266.36,449.0,549.0,5436,ASIN MAPPING
B09P8LV5JP,2000-01-01,2507.8,3699.0,7499.0,215912,ASIN MAPPING
B0B942Y9H7,2000-01-01,313.81,535.0,535.0,5608-5610-COMBO,ASIN MAPPING
B0B944FQPN,2000-01-01,325.68,557.0,557.0,5605-5612-COMBO,ASIN MAPPING
B0B944HNY9,2000-01-01,272.29,459.0,459.0,5605-5607-COMBO,ASIN MAPPING
B0B945D8D5,2000-01-01,296.02,510.0,510.0,5605-5611-COMBO,ASIN MAPPING
B0FP25JCYX,2000-01-01,131.65,239.0,299.0,5430,ASIN MAPPING
B0FP4XS4V3,2000-01-01,226.55,399.0,499.0,5433,ASIN MAPPING
B0FP536XZH,2000-01-01,137.16,249.0,299.0,5429,ASIN MAPPING
B0FP56JSCY,2000-01-01,170.21,299.0,399.0,5434,ASIN MAPPING
B0FP5FD9GC,2000-01-01,137.16,249.0,299.0,5447,ASIN MAPPING
B0FP5KTP1H,2000-01-01,251.14,449.0,649.0,5312,ASIN MAPPING
B0FPCHKBBR,2000-01-01,296.02,499.0,799.0,5313,ASIN MAPPING
B0FPD4GB53,2000-01-01,329.96,599.0,999.0,5315,ASIN MAPPING
B0FPD7J5DC,2000-01-01,283.33,499.0,799.0,5337,ASIN MAPPING
B0FPM4KDG4,2000-01-01,200.11,279.0,499.0,5345,CONVERTED LISTINGS
B0FPM4WWYJ,2000-01-01,232.67,349.0,499.0,5344,ASIN MAPPING
B0FPMDXHCX,2000-01-01,200.11,299.0,529.0,5321,CONVERTED LISTINGS
B0FPMS8B47,2000-01-01,232.67,349.0,499.0,5356,ASIN MAPPING
B0FPMTB1FJ,2000-01-01,356.43,499.0,899.0,5355,CONVERTED LISTINGS
B0FPMW1SM6,2000-01-01,200.11,299.0,649.0,5353,ASIN MAPPING
B0FYDKBBTC,2000-01-01,288.46,549.0,749.0,5461,ASIN MAPPING
B0FYNYRV2F,2000-01-01,266.36,449.0,689.0,5432,ASIN MAPPING
B0G2SKZG33,2000-01-01,2507.8,3699.0,7499.0,215912,ASIN MAPPING
B0G53FL3ZS,2000-01-01,2372.2,3499.0,4990.0,215911,ASIN MAPPING
B0GCMRL2KV,2000-01-01,579.05,949.0,1499.0,5473,ASIN MAPPING
B0GZFXZ1W7,2000-01-01,296.02,499.0,499.5,5623,ASIN MAPPING
B0GZG7YDSZ,2000-01-01,193.05,335.0,335.0,5616,ASIN MAPPING
B0GZG8S944,2000-01-01,287.71,485.0,485.0,5622,ASIN MAPPING
B0GZG9XQKS,2000-01-01,179.8,312.0,312.0,5614,ASIN MAPPING
B0GZGB7X9G,2000-01-01,400.42,675.0,675.0,5625,ASIN MAPPING
B0GZGDXMQ9,2000-01-01,244.92,425.0,425.0,5620,ASIN MAPPING
B0GZGFDBX2,2000-01-01,216.1,375.0,375.0,5613,ASIN MAPPING
B0GZGFK2PD,2000-01-01,213.22,370.0,370.0,5619,ASIN MAPPING
B0GZGJCD27,2000-01-01,124.07,244.0,244.0,5607,ASIN MAPPING
B0GZGJSNB2,2000-01-01,201.69,350.0,350.0,5617,ASIN MAPPING
B0GZGJW8HS,2000-01-01,208.61,362.0,362.0,5618,ASIN MAPPING
B0GZGK3VN2,2000-01-01,85.93,169.0,169.0,5601,ASIN MAPPING
B0GZGKHFKW,2000-01-01,239.15,415.0,415.0,5629,ASIN MAPPING
B0GZGKJ3JP,2000-01-01,129.66,255.0,255.0,5608,ASIN MAPPING
B0GZGKMTWK,2000-01-01,269.92,455.0,455.0,5621,ASIN MAPPING
B0GZGKTGBC,2000-01-01,95.08,187.0,187.0,5602,ASIN MAPPING
B0GZGLH8F2,2000-01-01,118.47,233.0,233.0,5606,ASIN MAPPING
B0GZGMRWL5,2000-01-01,134.75,265.0,265.0,5609,ASIN MAPPING
B0GZGMZJ9Y,2000-01-01,341.1,575.0,575.0,5624,ASIN MAPPING
B0GZGND51N,2000-01-01,110.85,218.0,218.0,5605,ASIN MAPPING
B0GZGNDKHZ,2000-01-01,195.36,339.0,339.0,5612,ASIN MAPPING
B0GZGNRW7J,2000-01-01,198.81,345.0,345.0,5626,ASIN MAPPING
B0GZGPJS3R,2000-01-01,104.24,205.0,205.0,5603,ASIN MAPPING
B0GZGPQV41,2000-01-01,210.34,365.0,365.0,5627,ASIN MAPPING
B0GZGQ1N87,2000-01-01,150.0,295.0,295.0,5611,ASIN MAPPING
B0GZGQPP9Q,2000-01-01,187.29,325.0,325.0,5615,ASIN MAPPING
B0GZGRJWX4,2000-01-01,143.39,282.0,282.0,5610,ASIN MAPPING
B0GZGX51QQ,2000-01-01,227.63,395.0,395.0,5628,ASIN MAPPING
B0GZGY4MLQ,2000-01-01,109.32,215.0,215.0,5604,ASIN MAPPING
B0H1H1512C,2000-01-01,296.02,499.0,799.0,5313,ASIN MAPPING
B0H2HG6RFY,2000-01-01,229.93,299.0,399.0,5328,ASIN MAPPING
