bundle_sku,component_sku,qty
5603-5611-COMBO,5603,1
5603-5611-COMBO,5611,1
5605-5607-COMBO,5605,1
5605-5607-COMBO,5607,1
5605-5611-COMBO,5605,1
5605-5611-COMBO,5611,1
5605-5612-COMBO,5605,1
5605-5612-COMBO,5612,1
5608-5610-COMBO,5608,1
5608-5610-COMBO,5610,1
5615-5623-COMBO,5615,1
5615-5623-COMBO,5623,1
5617-5619-COMBO,5617,1
5617-5619-COMBO,5619,1
5617-5623-COMBO,5617,1
5617-5623-COMBO,5623,1
5617-5624-COMBO,5617,1
5617-5624-COMBO,5624,1
5620-5622-COMBO,5620,1
5620-5622-COMBO,5622,1
