distributor_name,asm
Alleppey Pavalam & Tyres and Mill Stores,Sami
K.S.S. Car Accessories,Sami
Amritha Distributors,Sami
Yes Team,Sami
Spin Distributor LLP,Sami
Car Studio,Sami
Autograph,Sami
Anjan Automotives,Sami
Global Spares Hub,Deepak
Doshi Enterprises,Deepak
Music N Sound,Deepak
Harisons Car Accessories,Deepak
Jai Hind Traders,Ayan
Car Corals,Ayan
Car Junction 365,Ayan
Sainik Enterprises,Ayan
Hanuman Tyre,Sandiip
Tyregram India,Sandiip
Kamal Automotives,Sandiip
Velocity,Sandiip
Preet Automobiles,Sandiip
Shree LR Industries,Sandiip
AARSONS,Sandiip
Michelin India Pvt. Ltd. Offline,Direct - Michelin India (no ASM)
Sipradi Autoparts Pvt Ltd,Export - Nepal (no ASM)CAR JUNCTION,Ayan
