fsn,asin,internal_sku,product_name,product_type
CWLHGZUPHFNMZ4UU,B07QHWYFV1,5319,Windshield Washer Concentrate 500ml,500ML CAR CARE
CIVHGNV6VZCGAG5E,B0FP4XS4V3,5433,AC Vent & Duct Foam Cleaner 350ml,LARGE AEROSOL
VLUHGMN6SZTRQXRZ,B0FYNYRV2F,5432,Multipurpose Silicone Spray 500ml,LARGE AEROSOL
CAIHGZQY3MM9UFZQ,B09HY2XD4B,5436,Odor Eliminator Air Refresher 100ml,SMALL AEROSOL
CWLHGKG8G2MZXT5D,B00K5S2RVW,5311,Car Wash Shampoo 500ml,500ML CAR CARE
VLUHGMN6HGWQY2KB,B005PW0OUE,5443,Chain Lube 400ml,LARGE AEROSOL
VWCHG8FTPBTADCBZ,B0846KZNHY,5322,500 GSM 40X40 cms 4 pcs (2 blue & 2 yellow),MICROFIBER
VLUHGMN67T9JBYMT,B0FP5FD9GC,5447,Multipurpose Silicone Spray 135 ML,SMALL AEROSOL
VGCHGHHKHYTHZTPJ,B07QHWLQ7L,5314,Glass Cleaner 500ml,500ML CAR CARE
VWCHG8FTKGEQQVYC,B084HZS54Z,5327,500 GSM 40X40 Cms 2 pc (1 blue & 1 yellow),MICROFIBER
VLUHGMN62GSZG2BW,B004YF1ZAG,5463,Chain Cleaner & chain Lube 150 ml Combo,SMALL AEROSOL
CLIHGHTMGMBU9Z6M,B004YF1Z4M,5442,Chain Clean 400ml,LARGE AEROSOL
CIVHGHNSPYZFEZFX,B00Z74B83M,5439,Foaming Interior Cleaner 500ml,LARGE AEROSOL
CPHHGHHGHNSFVS4U,B0FPD4GB53,5315,Liquid Wax Polish 500ml,500ML CAR CARE
TAIG6BNQZUNR7DBT,B00IOQ1LR8,2112206,Double Barrel Foot Pump,INFLATORS
VLUHGMN5VNQZYGNG,B0FYDKBBTC,5461,Lithium Lube Spray 400ml,LARGE AEROSOL
CIVHGHNUUGGUPZ2Z,B073RJY72V,5318,Car Interior Cleaner (PLVR) 500ml,500ML CAR CARE
WTCHGNQ8KH6KHHWM,B07QGW2YJJ,5317,Tyre Dresser & Polish 500ml,500ML CAR CARE
WTCHGNPGJAYXCKF6,B00K5S2V5E,5338,Wheel Cleaner 500ml,500ML CAR CARE
VLUHGMN63FD82SZ7,B0FP536XZH,5429,Chain Lube 150ml,SMALL AEROSOL
VWCHGKCZDTJJHPAY,B0FPM4WWYJ,5344,500 GSM 60 x 40 cms 2 pcs (2 Blue),MICROFIBER
CPHHGHHGFSDDB3ZY,B0FP5KTP1H,5312,Dashboard Dresser 500ml,500ML CAR CARE
TAIHGS2PYTJYFHC7,B0G2SKZG33,215912,12v High Performance Programmable Tyre Inflator,INFLATORS
TAIHGS2P5VP7HGEZ,B0G53FL3ZS,215911,12v Micro Tyre Inflator,INFLATORS
VECHGNTY3NQPT6BG,B0FPD7J5DC,5337,Engine Degreaser 500ml,500ML CAR CARE
VLUHJN5YXE9USJST,B0GCMRL2KV,5473,Chain Cleaner & Chain Lube 400 ml Combo,LARGE AEROSOL
VWCHGKCZ8CYEMTHD,B0FPMS8B47,5356,500 GSM 60 X 40 cms (2 Yellow),MICROFIBER
VWCHG7XQGGGHY6ND,B0846KPHB2,5323,350 GSM 40x40 cms 6 pcs (3 blue & 3 yellow),MICROFIBER
CLIHGHTMDENS4DFY,B0FP25JCYX,5430,Chain Cleaner 150ml,SMALL AEROSOL
VWCHGKCZFY4AAX3K,B0FPM4KDG4,5345,500 GSM 40 X 40 cms (2 Blue),MICROFIBER
VWCHGKCZKZMA38MC,B0FPMW1SM6,5353,350 GSM 40 X 40 Cms 2pcs (2 Blue),MICROFIBER
TAIHGS2P5VP7HGEZ,B07JQW6HBL,215911,12v Micro Tyre Inflator,INFLATORS
CPHHGHHGYH3WBEQA,B0FPCHKBBR,5313,PLVR Polish & Protectant 500ml,500ML CAR CARE
TAIGA29HQFHVMWG3,B07T6FLRQM,2112314,Heavy Duty Programmable Tyre Inflator,INFLATORS
VWCHG7XQHHQHHKVK,B00D45B02A,5346,350 GSM 40x40 cms 3 pcs (2 Blue & 1 yellow),MICROFIBER
CIVHGZVTAPVXZAF4,B0FP56JSCY,5434,Helmet Disinfecting & Cleaning Spray 150ml,SMALL AEROSOL
WTCHGNQ8QWDTPZHC,B07QDN6T3L,5435,Tyre Shine Spray 400ml,LARGE AEROSOL
VWCHG7XQDH9BXHYE,B084HZM6RH,5320,350 GSM 40x40 cms 2pcs (Blue & Yellow),MICROFIBER
VWCHG8FTPBTADCBZ,B084HZNSKF,5322,500 GSM 40X40 cms 4 pcs (2 blue & 2 yellow),MICROFIBER
TAIGFHDYY7MCBFWR,B07THV6XJ6,2112310,Rapid Programmable Digital Tyre Inflator - STT,INFLATORS
TAIGFHDYY7MCBFWR,B07T46ZHL7,2112310,Rapid Programmable Digital Tyre Inflator,INFLATORS
TAIGA29HQFHVMWG3,B09P8LV5JP,2112314,Heavy Duty Programmable Tyre Inflator,INFLATORS
TPGEWMDHXDCYPZH7,B07NW6MPDT,2212290,Digital Tyre Pressure Gauge With Keyring,GAUGE
TPGG3GHJ7QEYZEJQ,B077G5CM66,2212290,Digital Tyre Pressure Gauge With Keyring - STT,GAUGE
VWCHGKCZEJVCYGG2,B00D45AZOO,5324,500 GSM 60 X 40 cms 2 pcs (1 Blue & 1 Yellow),MICROFIBER
VWCHGKCZWYBA44UE,B0FPMTB1FJ,5355,500 GSM 40 X 40 cms 2pc (2 yellow),MICROFIBER
TAIGFHDYY7MCBFWR,B08DR38DD5,2112310,Rapid Programmable Digital Tyre Inflator,INFLATORS
