internal_sku,product_name,asin,category,report_group,pack_size,selling_price,mrp,units_sep1_7,review
5321,500 GSM 30X30 Cms 2 Pieces (2 Blue),B0FPMDXHCX,Microfibre,Car Care,,299.0,529.0,23,DUPLICATE: same ASIN also on SKU 5325. One is wrong
5325,1200 Gsm 40 x 60 1pc,B0FPMDXHCX,Microfibre,Car Care,,499.0,949.0,23,DUPLICATE: same ASIN also on SKU 5321. One is wrong
5443,Chain Lube 400ml,B005PW0OUE,Aerosols,Car Care,400ml,499.0,599.0,182,"CHECK: Packaging sheet lists B004YF1ZAG here, but the MRP sheet gives that ASIN to SKU 5463 (Chain Cleaner & chain Lube 150 ml Combo). Left it on 5463. Confirm"
5338,Wheel Cleaner 500ml,B00K5S2V5E,Car Care,Car Care,500ml,499.0,799.0,58,"CHECK: Packaging sheet also lists B07QGW2YJJ here, but the MRP sheet gives that ASIN to Tyre Dresser 5317. Left it on 5317 only. Confirm"
2112314,Heavy Duty Programmable Tyre Inflator,B07T6FLRQM,Inflators,Car Care,,,,13,"CHECK: MRP sheet has no ASIN for this SKU; Packaging sheet gives B07T6FLRQM, which sold 13 units Sep 1-7. Confirm"
5436,Odor Eliminator Air Refresher 100ml,B09HY2XD4B,Aerosols,Car Care,100ml,449.0,549.0,217,"INFO (no action): Packaging sheet says B07QFR65D1; kept MRP sheet ASIN (it sells in India, B07QFR65D1 did not)"
5439,Foaming Interior Cleaner 500ml,B00Z74B83M,Aerosols,Car Care,500ml,599.0,749.0,78,"INFO (no action): Packaging sheet says B07QDN67QX; kept MRP sheet ASIN (it sells in India, B07QDN67QX did not)"
5311,Car Wash Shampoo 500ml,B00K5S2RVW,Car Care,Car Care,500ml,349.0,579.0,324,"INFO (no action): Packaging sheet says B07SC2FH5T; kept MRP sheet ASIN (it sells in India, B07SC2FH5T did not)"
5317,Tyre Dresser & Polish 500ml,B07QGW2YJJ,Car Care,Car Care,500ml,549.0,849.0,72,"INFO (no action): Packaging sheet says B07QDN4W6C; kept MRP sheet ASIN (it sells in India, B07QDN4W6C did not)"
5318,Car Interior Cleaner (PLVR) 500ml,B073RJY72V,Car Care,Car Care,500ml,589.0,899.0,70,"INFO (no action): Packaging sheet says B07QFR5C93; kept MRP sheet ASIN (it sells in India, B07QFR5C93 did not)"
2212290,Digital Tyre Pressure Gauge With Keyring,B074MX2168,Gauges,Car Care,,1499.0,1999.0,,
2112266,Programmable Fast Flow Digital Tyre Inflator,B00KMZZJWC,Inflators,Car Care,,3999.0,6990.0,,
215911,12v Micro Tyre Inflator,B07THV6XJ6,Inflators,Car Care,,3499.0,4990.0,1,
54112,Michelin Rapid Odor Eliminator Air Refresher Vanilla,B0HHJVZW8V,Aerosols,Car Care,,,,,
54113,Michelin Rapid Odor Eliminator Air Refresher Musk,B0HHK6PBLK,Aerosols,Car Care,,,,,
54114,Michelin Rapid Odor Eliminator Air Refresher Oud,B0HHJWBZSC,Aerosols,Car Care,,,,,
54115,Michelin Rapid Odor Eliminator Air Refresher Aqua,B0HHKBS3QK,Aerosols,Car Care,,,,,
54116,Michelin AC Vent & Duct Foam Cleaner 350ml Vanilla,,Aerosols,Car Care,350ml,,,,
54117,Michelin AC Vent & Duct Foam Cleaner 350ml Aqua,B0HHNMR566,Aerosols,Car Care,350ml,,,,
5429,Chain Lube 150ml,B0FP536XZH,Aerosols,Car Care,150ml,249.0,299.0,28,
5430,Chain Cleaner 150ml,B0FP25JCYX,Aerosols,Car Care,150ml,239.0,299.0,19,
5431,ML40 Multipurpose Spray,B0BGHS56X4,Aerosols,Car Care,,349.0,449.0,,
5432,Multipurpose Silicone Spray 500ml,B0FYNYRV2F,Aerosols,Car Care,500ml,449.0,689.0,229,
5433,AC Vent & Duct Foam Cleaner 350ml,B0FP4XS4V3,Aerosols,Car Care,350ml,399.0,499.0,318,
5434,Helmet Disinfecting & Cleaning Spray 150ml,B0FP56JSCY,Aerosols,Car Care,150ml,299.0,399.0,18,
5435,Tyre Shine Spray 400ml,B07QDN6T3L,Aerosols,Car Care,400ml,549.0,699.0,2,
5440,Throttle body cleaner 150ml,B0FPD75VRR,Aerosols,Car Care,150ml,249.0,399.0,,
5441,Throttle Body Cleaner 400ml,,Aerosols,Car Care,400ml,599.0,599.0,,
5442,Chain Clean 400ml,B004YF1Z4M,Aerosols,Car Care,400ml,479.0,599.0,64,
5447,Multipurpose Silicone Spray 135 ML,B0FP5FD9GC,Aerosols,Car Care,135ml,249.0,299.0,185,
5459,Zinc Based Silencer Coating Silver 400ml,B0FYFDCF1F,Aerosols,Car Care,400ml,599.0,899.0,,
5460,PU Engine Coating 400ml,B0FYNCS362,Aerosols,Car Care,400ml,599.0,799.0,,
5461,Lithium Lube Spray 400ml,B0FYDKBBTC,Aerosols,Car Care,400ml,549.0,749.0,49,
5462,Battery Terminal Protection spray 400ml,B0FYFS372B,Aerosols,Car Care,400ml,599.0,899.0,,
5463,Chain Cleaner & chain Lube 150 ml Combo,B004YF1ZAG,Aerosols,Car Care,150ml,449.0,648.0,64,
5473,Chain Cleaner & Chain Lube 400 ml Combo,B0GCMRL2KV,Aerosols,Car Care,400ml,949.0,1499.0,,
53100,Heavy Duty Oil & Grease Cleaner 5 Litre,,Car Care,Car Care,5L,,,,
53101,Snow Foam Car wash thick shampoo 5 Litre,B0HHF5ZL7W,Car Care,Car Care,5L,1799.0,2199.0,,
53102,Michelin Car Wash Shampoo 5 Litre,,Car Care,Car Care,5L,,,,
53103,Michelin Car Wash Shampoo 250 ML,,Car Care,Car Care,250ml,,,,
53104,Michelin Dashboard Dresser 250 ML,,Car Care,Car Care,250ml,,,,
53105,Michelin Premium AUTO Glass Cleaner 250 ML,,Car Care,Car Care,250ml,,,,
53106,Michelin Liquid Wax Polish 250 ML,,Car Care,Car Care,250ml,,,,
53107,Michelin Tyre Dresser & Polish 250 ML,,Car Care,Car Care,250ml,,,,
53108,Michelin Car Interior Cleaner 250 ML,,Car Care,Car Care,250ml,,,,
53109,Michelin Windshield Washer Concentrate 250 ML,,Car Care,Car Care,250ml,,,,
53110,Michelin Heavy Duty Engine Degreaser 250 ML,,Car Care,Car Care,250ml,,,,
53111,Michelin Heavy Duty Wheel Cleaner 250 ML,,Car Care,Car Care,250ml,,,,
5312,Dashboard Dresser 500ml,B0FP5KTP1H,Car Care,Car Care,500ml,449.0,649.0,36,
5313,PLVR Polish & Protectant 500ml,B0FPCHKBBR,Car Care,Car Care,500ml,499.0,799.0,13,
5314,Glass Cleaner 500ml,B07QHWLQ7L,Car Care,Car Care,500ml,389.0,549.0,100,
5315,Liquid Wax Polish 500ml,B0FPD4GB53,Car Care,Car Care,500ml,599.0,999.0,93,
5316,Carnauba Wax Car Polish Cream 220g,,Car Care,Car Care,,499.0,799.0,,
5319,Windshield Washer Concentrate 500ml,B07QHWYFV1,Car Care,Car Care,500ml,449.0,649.0,243,
5328,Coolant 1 Litre,B0H2HG6RFY,Car Care,Car Care,1L,299.0,399.0,,
5337,Engine Degreaser 500ml,B0FPD7J5DC,Car Care,Car Care,500ml,499.0,799.0,60,
5374,300 ml Brilliant Gloss Wash & Wax Shampoo,B0GZV6TQQG,Car Care,Car Care,300ml,309.0,399.0,,
5375,300 ml Interior protect Dash & Trim Polish,B0GZW58PQY,Car Care,Car Care,300ml,399.0,499.0,,
5376,300 ml Interior protect Dash & Trim Cleaner,B0GZWQ5DRB,Car Care,Car Care,300ml,499.0,649.0,,
5377,300 ml Streak Free Windshield & glass cleaner,B0GZZV2VDR,Car Care,Car Care,300ml,309.0,449.0,,
5378,300 ml Fast Action Wheel & Tyre Cleaner,B0GZWRDDTL,Car Care,Car Care,300ml,379.0,499.0,,
5379,300 ml Intense Gloss Tyre Polish,B0GZZGN1DS,Car Care,Car Care,300ml,399.0,499.0,,
5380,300 ml Protect & shine Exterior Wax Polish,B0GZZRSJ7Y,Car Care,Car Care,300ml,449.0,549.0,,
5381,300 ml Ultra Concentrate Windscreen Wash Fluid,B0H11CY3TW,Car Care,Car Care,300ml,349.0,449.0,,
5382,300 ml Heavy Duty Oil & Grease Cleaner,B0HCVZQVSW,Car Care,Car Care,300ml,399.0,499.0,,
5383,300 ml Spot Free Glass restore Polish,,Car Care,Car Care,300ml,499.0,599.0,,
5384,300 ml Exterior Protect Trim & Plastic Restorer,,Car Care,Car Care,300ml,549.0,699.0,,
5385,300 ml Crystal view Rain shield water repellant,B0HHMYGNFM,Car Care,Car Care,300ml,649.0,799.0,,
5386,300 ml Snow Foam Car wash thick shampoo,,Car Care,Car Care,300ml,309.0,399.0,,
5387,Eco Friendly Rat & rodent repellant,,Car Care,Car Care,,399.0,499.0,,
5388,Waterless car wash,,Car Care,Car Care,,309.0,399.0,,
5389,Color Changing Wheel & Tyre Cleaner,,Car Care,Car Care,,429.0,549.0,,
5390,rat repellant aerosol 450ml,B0H5CGH4KD,Car Care,Car Care,450ml,599.0,799.0,8,
5392,rat repellant aerosol 150ml,B0H5CQ24LN,Car Care,Car Care,150ml,349.0,449.0,,
5393,Brilliant Gloss Wash & Wax Shampoo 5 Litre,,Car Care,Car Care,5L,,,,
5394,Interior protect Dash & Trim Polish 5 Litre,,Car Care,Car Care,5L,1999.0,2199.0,,
5395,Interior protect Dash & Trim Cleaner 5 Litre,B0HHB4RKFZ,Car Care,Car Care,5L,1599.0,1999.0,,
5396,Streak Free Windshield & glass cleaner 5 Litre,,Car Care,Car Care,5L,,,,
5397,Fast Action Wheel & Tyre Cleaner 5 Litre,,Car Care,Car Care,5L,,,,
5398,INTENSE GLOSS TYRE POLISH 5 Litre,B0HHDB1254,Car Care,Car Care,5L,1999.0,2199.0,,
5399,Protect & shine Exterior Wax Polish 5 Litre,B0HHDZR3L5,Car Care,Car Care,5L,1999.0,2699.0,,
2111,Entry Level Analog Tyre Inflator,,Inflators,Car Care,,1949.0,2499.0,,
2112206,Double Barrel Foot Pump,B00IOQ1LR8,Inflators,Car Care,,2299.0,3899.0,44,
2112310,Rapid Programmable Digital Tyre Inflator,B07T46ZHL7,Inflators,Car Care,,4999.0,8499.0,1,
215911,12v Micro Tyre Inflator,B0G53FL3ZS,Inflators,Car Care,,3499.0,4990.0,4,
215912,12v High Performance Programmable Tyre Inflator,B0G2SKZG33,Inflators,Car Care,,3699.0,7499.0,117,
215913,12v High Performance Cordless Tyre Inflator,,Inflators,Car Care,,3999.0,7499.0,,
5320,350 GSM 40x40 cms 2pcs (Blue & Yellow),B084HZM6RH,Microfibre,Car Care,,299.0,649.0,1,
5322,500 GSM 40X40 cms 4 pcs (2 blue & 2 yellow),B0846KZNHY,Microfibre,Car Care,,499.0,899.0,116,
5323,350 GSM 40x40 cms 6 pcs (3 blue & 3 yellow),B0846KPHB2,Microfibre,Car Care,,499.0,899.0,6,
5324,500 GSM 35 X 75 cms 2 pcs (1 Blue & 1 Yellow),B00D45AZOO,Microfibre,Car Care,,499.0,899.0,8,
5326,1600 GSM 40x60 cms 1 Pc,,Microfibre,Car Care,,549.0,999.0,,
5327,500 GSM 40X40 Cms 2 pc (1 blue & 1 yellow),B084HZS54Z,Microfibre,Car Care,,299.0,449.0,147,
5344,500 GSM 60 x 40 cms 2 pcs (2 Blue),B0FPM4WWYJ,Microfibre,Car Care,,349.0,499.0,7,
5345,500 GSM 35 X 75 cms (1 Blue),B0FPM4KDG4,Microfibre,Car Care,,279.0,499.0,4,
5346,350 GSM 40x40 cms 3 pcs (2 Blue & 1 yellow),B00D45B02A,Microfibre,Car Care,,359.0,599.0,10,
5353,350 GSM 40 X 40 Cms 2pcs (2 Blue),B0FPMW1SM6,Microfibre,Car Care,,299.0,649.0,3,
5354,500 GSM 35 X 75 cms 2pcs (2 Blue),,Microfibre,Car Care,,499.0,899.0,,
5355,500 GSM 35 X 75 cms 2pc (2 yellow),B0FPMTB1FJ,Microfibre,Car Care,,499.0,899.0,,
5356,500 GSM 60 X 40 cms (2 Yellow),B0FPMS8B47,Microfibre,Car Care,,349.0,499.0,3,
5357,500 GSM 30 X 30 cms (2 Yellow),,Microfibre,Car Care,,299.0,529.0,,
5391,wax infused microfibre car duster,B00D45B1A6,Microfibre,Car Care,,849.0,1099.0,32,
5847,Pressure Washer MPX16E,,Pressure Washers,Car Care,,10999.0,18999.0,,
5601,"CONVENTIONAL/TRADITIONAL WIPER BLADE - 12""",B0GZGK3VN2,Wipers,Wipers,12in,169.0,169.0,13,
5602,"CONVENTIONAL/TRADITIONAL WIPER BLADE - 13""",B0GZGKTGBC,Wipers,Wipers,13in,187.0,187.0,5,
5603,"CONVENTIONAL/TRADITIONAL WIPER BLADE - 14""",B0GZGPJS3R,Wipers,Wipers,14in,205.0,205.0,13,
5603-5611-COMBO,"TRADITIONAL WIPER BLADE - 14"" - 22""",B00DYSDSAY,Wipers,Wipers,14in,499.0,499.0,3,
5604,"CONVENTIONAL/TRADITIONAL WIPER BLADE - 15""",B0GZGY4MLQ,Wipers,Wipers,15in,215.0,215.0,4,
5605,"CONVENTIONAL/TRADITIONAL WIPER BLADE - 16""",B0GZGND51N,Wipers,Wipers,16in,218.0,218.0,11,
5605-5607-COMBO,"TRADITIONAL WIPER BLADE - 16"" - 18""",B0B944HNY9,Wipers,Wipers,16in,459.0,459.0,4,
5605-5611-COMBO,"TRADITIONAL WIPER BLADE - 16"" - 22""",B0B945D8D5,Wipers,Wipers,16in,510.0,510.0,26,
5605-5612-COMBO,"TRADITIONAL WIPER BLADE - 16"" - 24""",B0B944FQPN,Wipers,Wipers,16in,557.0,557.0,45,
5606,"CONVENTIONAL/TRADITIONAL WIPER BLADE - 17""",B0GZGLH8F2,Wipers,Wipers,17in,233.0,233.0,7,
5607,"CONVENTIONAL/TRADITIONAL WIPER BLADE - 18""",B0GZGJCD27,Wipers,Wipers,18in,244.0,244.0,6,
5608,"CONVENTIONAL/TRADITIONAL WIPER BLADE - 19""",B0GZGKJ3JP,Wipers,Wipers,19in,255.0,255.0,5,
5608-5610-COMBO,"TRADITIONAL WIPER BLADE - 19"" - 21""",B0B942Y9H7,Wipers,Wipers,19in,535.0,535.0,16,
5609,"CONVENTIONAL/TRADITIONAL WIPER BLADE - 20""",B0GZGMRWL5,Wipers,Wipers,20in,265.0,265.0,9,
5610,"CONVENTIONAL/TRADITIONAL WIPER BLADE - 21""",B0GZGRJWX4,Wipers,Wipers,21in,282.0,282.0,14,
5611,"CONVENTIONAL/TRADITIONAL WIPER BLADE - 22""",B0GZGQ1N87,Wipers,Wipers,22in,295.0,295.0,12,
5612,"CONVENTIONAL/TRADITIONAL WIPER BLADE - 24""",B0GZGNDKHZ,Wipers,Wipers,24in,339.0,339.0,22,
5613,"CONVENTIONAL/TRADITIONAL WIPER BLADE - 26""",B0GZGFDBX2,Wipers,Wipers,26in,375.0,375.0,11,
5614,"SOFT WIPER BLADE - 13""",B0GZG9XQKS,Wipers,Wipers,13in,312.0,312.0,,
5615,"SOFT WIPER BLADE - 14""",B0GZGQPP9Q,Wipers,Wipers,14in,325.0,325.0,17,
5615-5623-COMBO,"FLAT WIPER BLADE - 14"" - 22""",B099WKND1X,Wipers,Wipers,14in,825.0,825.0,2,
5616,"SOFT WIPER BLADE - 15""",B0GZG7YDSZ,Wipers,Wipers,15in,335.0,335.0,11,
5617,"SOFT WIPER BLADE - 16""",B0GZGJSNB2,Wipers,Wipers,16in,350.0,350.0,68,
5617-5619-COMBO,"FLAT WIPER BLADE - 16"" - 18""",B00P2ERBME,Wipers,Wipers,16in,720.0,720.0,36,
5617-5623-COMBO,"FLAT WIPER BLADE - 16"" - 22""",B08CH7SHJ9,Wipers,Wipers,16in,849.0,849.0,14,
5617-5624-COMBO,"FLAT WIPER BLADE - 16"" - 24""",B08CKDRM5G,Wipers,Wipers,16in,925.0,925.0,39,
5618,"SOFT WIPER BLADE - 17""",B0GZGJW8HS,Wipers,Wipers,17in,362.0,362.0,4,
5619,"SOFT WIPER BLADE - 18""",B0GZGFK2PD,Wipers,Wipers,18in,370.0,370.0,29,
5620,"SOFT WIPER BLADE - 19""",B0GZGDXMQ9,Wipers,Wipers,19in,425.0,425.0,14,
5620-5622-COMBO,"FLAT WIPER BLADE - 19"" - 21""",B096G3F55C,Wipers,Wipers,19in,910.0,910.0,,
5621,"SOFT WIPER BLADE - 20""",B0GZGKMTWK,Wipers,Wipers,20in,455.0,455.0,21,
5622,"SOFT WIPER BLADE - 21""",B0GZG8S944,Wipers,Wipers,21in,485.0,485.0,21,
5623,"SOFT WIPER BLADE - 22""",B0GZFXZ1W7,Wipers,Wipers,22in,499.5,499.5,13,
5624,"SOFT WIPER BLADE - 24""",B0GZGMZJ9Y,Wipers,Wipers,24in,575.0,575.0,69,
5625,"SOFT WIPER BLADE - 26""",B0GZGB7X9G,Wipers,Wipers,26in,675.0,675.0,6,
5626,"REAR WIPER BLADE - 10""",B0GZGNRW7J,Wipers,Wipers,10in,345.0,345.0,,
5627,"REAR WIPER BLADE - 11""",B0GZGPQV41,Wipers,Wipers,11in,365.0,365.0,0,
5628,"REAR WIPER BLADE - 12""",B0GZGX51QQ,Wipers,Wipers,12in,395.0,395.0,,
5629,"REAR WIPER BLADE - 14""",B0GZGKHFKW,Wipers,Wipers,14in,415.0,415.0,,
215911,12v Micro Tyre Inflator,B07JQW6HBL,Inflators,Car Care,,3499.0,4990.0,,
215912,12v High Performance Programmable Tyre Inflator,B09P8LV5JP,Inflators,Car Care,,3699.0,7499.0,,
2112310,Rapid Programmable Digital Tyre Inflator,B08DR38DD5,Inflators,Car Care,,4999.0,8499.0,,
2212290,Digital Tyre Pressure Gauge With Keyring,B07NW6MPDT,Gauges,Car Care,,1499.0,1999.0,,
2212290,Digital Tyre Pressure Gauge With Keyring,B00K2SLUB8,Gauges,Car Care,,1499.0,1999.0,,
2112266,Programmable Fast Flow Digital Tyre Inflator,B00IERQC80,Inflators,Car Care,,3999.0,6990.0,,
5314,Glass Cleaner 500ml,B073RK1XLN,Car Care,Car Care,500ml,389.0,549.0,,
5433-5436-COMBO,AC Duct Cleaner 350ml & Air Refresher 100ml Combo,B0752DYTRD,Aerosols,Car Care,350ml+100ml,,,,
INFLATOR-GAUGE-COMBO,Digital Tyre Inflator & Keyring Gauge Combo,B077G5CM66,Inflators,Car Care,,,,,